type_chauss,prix,image_lien,quartier,region
Chaussures,13000,https://images.coinafrique.com/thumb_4514824_uploaded_image1_1703615498.jpg,Dakar Plateau, Dakar
Chaussurespour,8000,https://images.coinafrique.com/thumb_4514805_uploaded_image1_1703614843.jpg,Dakar Plateau, Dakar
Chaussures,6500,https://images.coinafrique.com/thumb_4476393_uploaded_image1_1701209697.jpg,Dakar Plateau, Dakar
Chaussurespour,9000,https://images.coinafrique.com/thumb_4516156_uploaded_image1_1703690655.jpg,Yoff, Dakar
Chaussures,3000,https://images.coinafrique.com/thumb_4464312_uploaded_image1_1700415241.jpg,Colobane, Dakar
Chaussures,4000,https://images.coinafrique.com/thumb_4464284_uploaded_image1_1700414113.jpg,Colobane, Dakar
Chaussures,9000,https://images.coinafrique.com/thumb_4486289_uploaded_image1_1701786845.jpg,Dieuppeul-Derklé, Dakar
Chaussures,6000,https://images.coinafrique.com/thumb_4452170_uploaded_image1_1699621092.jpg,Dakar Plateau, Dakar
Chaussures,20000,https://images.coinafrique.com/thumb_4481347_uploaded_image1_1701486467.jpg,Dakar Plateau, Dakar
Chaussures,3000,https://images.coinafrique.com/thumb_4404739_uploaded_image1_1696545306.jpg,Dakar Plateau, Dakar
Baskets,20000,https://images.coinafrique.com/thumb_4402939_uploaded_image1_1696449724.jpg,Colobane, Dakar
Chaussures,20000,https://images.coinafrique.com/thumb_4430647_uploaded_image1_1698289087.jpg,Grand Dakar, Dakar
Sandales,3000,https://images.coinafrique.com/thumb_4427622_uploaded_image2_1698104491.jpeg,Dakar, Sénégal
Chaussures,5000,https://images.coinafrique.com/thumb_4422835_uploaded_image1_1697766757.jpg,Ouest Foire, Dakar
Chaussures,8500,https://images.coinafrique.com/thumb_4381758_uploaded_image1_1695064657.jpg,Dakar Plateau, Dakar
Chaussures,13000,https://images.coinafrique.com/thumb_4414779_uploaded_image1_1697159524.jpg,Dakar, Sénégal
Chaussures,8000,https://images.coinafrique.com/thumb_4375022_uploaded_image1_1694607723.jpg,Dakar Plateau, Dakar
Chaussures,8000,https://images.coinafrique.com/thumb_4372705_uploaded_image1_1694464836.jpg,Dakar Plateau, Dakar
Chaussures,5000,https://images.coinafrique.com/thumb_4410938_uploaded_image1_1696941032.jpg,Yoff, Dakar
Chaussures,11000,https://images.coinafrique.com/thumb_4402279_uploaded_image1_1696422852.jpg,Dakar, Sénégal
Chaussures,9000,https://images.coinafrique.com/thumb_4397886_uploaded_image1_1696179932.jpg,Dakar, Sénégal
Chaussures,10000,https://images.coinafrique.com/thumb_4396320_uploaded_image1_1696061527.jpg,Dakar, Sénégal
Chaussures,15000,https://images.coinafrique.com/thumb_4394927_uploaded_image1_1695956109.jpg,Grand Dakar, Dakar
Chaussures,6000,https://images.coinafrique.com/thumb_4392112_uploaded_image1_1695751474.jpg,Diamalaye 1, Dakar
Baskets,10000,https://images.coinafrique.com/thumb_4385753_uploaded_image1_1695314124.jpg,Ngaparou, Sénégal
Chaussures,28000,https://images.coinafrique.com/thumb_4367839_uploaded_image2_1694130362.jpeg,Medina, Dakar
Chaussures,20000,https://images.coinafrique.com/thumb_4361430_uploaded_image2_1693749843.jpeg,Sacré-Coeur, Dakar
Chaussures,20000,https://images.coinafrique.com/thumb_4351852_uploaded_image1_1693108691.jpg,Grand Dakar, Dakar
Chaussures,6000,https://images.coinafrique.com/thumb_4351183_uploaded_image1_1693054139.jpg,Parcelle Assainies, Dakar
Sandales,1500,https://images.coinafrique.com/thumb_4344885_uploaded_image1_1692655215.jpg,Thies, Sénégal
Chaussuresenfant-7,15000,https://images.coinafrique.com/thumb_4336733_uploaded_image1_1692136230.jpg,Ouakam, Dakar
Chaussures,18000,https://images.coinafrique.com/thumb_4327769_uploaded_image1_1691537125.jpg,Grand Dakar, Dakar
Chaussures,5000,https://images.coinafrique.com/thumb_4287055_uploaded_image1_1688860044.jpg,Mermoz-Sacré Coeur, Dakar
Sandales,3500,https://images.coinafrique.com/thumb_4286887_uploaded_image2_1688846347.jpeg,Parcelle Assainies, Dakar
Basketsenfant,20000,https://images.coinafrique.com/thumb_4201412_uploaded_image1_1683164968.jpg,Grand Dakar, Dakar
Chaussures,2000,https://images.coinafrique.com/thumb_4187241_uploaded_image1_1682255769.jpg,HLM, Dakar
Chaussures,8000,https://images.coinafrique.com/thumb_4136187_uploaded_image1_1678918009.jpg,Dakar Plateau, Dakar
Ballerines,7500,https://images.coinafrique.com/thumb_4175703_uploaded_image1_1681413005.jpg,Sicap foire, Dakar
Chaussures,8000,https://images.coinafrique.com/thumb_4124281_uploaded_image1_1678211049.jpg,Dakar Plateau, Dakar
Cramponspour,12000,https://images.coinafrique.com/thumb_4101596_uploaded_image1_1676845748.jpg,Diamniadio, Sénégal
Chaussures,2000,https://images.coinafrique.com/thumb_4139946_uploaded_image1_1679215303.jpg,Ouakam, Dakar
Chaussures,2000,https://images.coinafrique.com/thumb_4139937_uploaded_image1_1679215240.jpg,Ouakam, Dakar
Chaussures,2000,https://images.coinafrique.com/thumb_4139933_uploaded_image1_1679181631.jpg,Ouakam, Dakar
Chaussures,12000,https://images.coinafrique.com/thumb_4111498_uploaded_image1_1677508687.jpg,Guediawaye, Dakar
Bottesfourrées,13000,https://images.coinafrique.com/thumb_4110432_uploaded_image1_1677428890.jpg,Parcelle Assainies, Dakar
Baskets,20000,https://images.coinafrique.com/thumb_4096757_uploaded_image1_1676513509.jpg,Grand Dakar, Dakar
Chaussures,13000,https://images.coinafrique.com/thumb_4050259_uploaded_image1_1673728537.jpg,Dakar Plateau, Dakar
Chaussures,5500,https://images.coinafrique.com/thumb_4059363_uploaded_image1_1674301059.jpg,Yoff, Dakar
Chaussures,5500,https://images.coinafrique.com/thumb_4059370_uploaded_image1_1674301238.jpg,Yoff, Dakar
Chaussures,5500,https://images.coinafrique.com/thumb_4059365_uploaded_image1_1674301160.jpg,Yoff, Dakar
Chaussures,20000,https://images.coinafrique.com/thumb_4081818_uploaded_image1_1675653272.jpg,Grand Dakar, Dakar
Chaussures,10000,https://images.coinafrique.com/thumb_4028219_uploaded_image1_1672405449.jpg,Dakar Plateau, Dakar
,7000,https://images.coinafrique.com/thumb_4060976_uploaded_image1_1674416715.jpg,Grand Yoff, Dakar
Chaussures,8000,https://images.coinafrique.com/thumb_4019759_uploaded_image1_1671731981.jpg,Dakar Plateau, Dakar
ChaussureJordan,7500,https://images.coinafrique.com/thumb_4040246_uploaded_image1_1673189828.jpg,Parcelle Assainies, Dakar
Chaussures,20000,https://images.coinafrique.com/thumb_4038506_uploaded_image1_1673066961.jpg,Colobane, Dakar
Chaussures,6000,https://images.coinafrique.com/thumb_4038403_uploaded_image1_1673050094.jpg,HLM, Dakar
Chaussures,20000,https://images.coinafrique.com/thumb_4024385_uploaded_image1_1672137859.jpg,Colobane, Dakar
Chaussures,15000,https://images.coinafrique.com/thumb_4002819_uploaded_image1_1670672099.jpg,Colobane, Dakar
Chaussuresenfant,7000,https://images.coinafrique.com/thumb_4000084_uploaded_image1_1670513545.jpg,Colobane, Dakar
Baskets,20000,https://images.coinafrique.com/thumb_3958985_uploaded_image1_1668074060.jpg,Biscuiterie, Dakar
Chaussures,20000,https://images.coinafrique.com/thumb_3934730_uploaded_image1_1666662380.jpg,Biscuiterie, Dakar
Chaussure,15000,https://images.coinafrique.com/thumb_3920803_uploaded_image1_1665775387.jpg,Dakar, Sénégal
Chaussures,3000,https://images.coinafrique.com/thumb_3874877_uploaded_image1_1662993378.jpg,Dakar, Sénégal
Chaussures,3000,https://images.coinafrique.com/thumb_3874870_uploaded_image1_1662993234.jpg,Dakar, Sénégal
Chaussures,15000,https://images.coinafrique.com/thumb_3886285_uploaded_image1_1663727518.jpg,Biscuiterie, Dakar
Chaussures,6000,https://images.coinafrique.com/thumb_3869546_uploaded_image1_1662655575.jpg,Ouakam, Dakar
Chaussures,3000,https://images.coinafrique.com/thumb_3853482_uploaded_image1_1661882915.jpg,Dakar Plateau, Dakar
Chaussures,2500,https://images.coinafrique.com/thumb_3853480_uploaded_image1_1661882766.jpg,Dakar Plateau, Dakar
Baskets,12000,https://images.coinafrique.com/thumb_3848408_uploaded_image1_1661541004.jpg,Dakar, Sénégal
Chaussures,5000,https://images.coinafrique.com/thumb_3804708_uploaded_image1_1659095376.jpg,Dakar, Sénégal
Chaussures,10000,https://images.coinafrique.com/thumb_3824846_uploaded_image1_1660191219.jpg,Biscuiterie, Dakar
Sandalesafricaines,1500,https://images.coinafrique.com/thumb_3778619_uploaded_image1_1657354885.jpg,Cambérène, Dakar
Chaussures,7000,https://images.coinafrique.com/thumb_3777593_uploaded_image1_1657274825.jpg,Sicap Liberté, Dakar
Chaussures,7000,https://images.coinafrique.com/thumb_3777592_uploaded_image1_1657274783.jpg,Sicap Liberté, Dakar
Chaussures,12500,https://images.coinafrique.com/thumb_3771424_uploaded_image1_1656942212.jpg,Dakar, Sénégal
Claquettes,1250,https://images.coinafrique.com/thumb_3768510_uploaded_image1_1656771169.jpg,Colobane, Dakar
Chaussures,1500,https://images.coinafrique.com/thumb_3704967_uploaded_image1_1653083833.jpg,HLM, Dakar
Chaussures,10000,https://images.coinafrique.com/thumb_3672156_uploaded_image1_1651092639.jpg,Hann Bel-Air, Dakar
Chaussures,13000,https://images.coinafrique.com/thumb_3699436_uploaded_image1_1652782683.jpg,Dakar, Sénégal
Baskets,15000,https://images.coinafrique.com/thumb_3690626_uploaded_image1_1652255965.jpg,Biscuiterie, Dakar
Chaussures,7000,https://images.coinafrique.com/thumb_3641537_uploaded_image1_1649258723.jpg,Dakar, Sénégal
Chaussures,10000,https://images.coinafrique.com/thumb_3673169_uploaded_image2_1651155111.jpeg,Parcelle Assainies, Dakar
Chaussures,10000,https://images.coinafrique.com/thumb_3673165_uploaded_image2_1651154980.jpeg,Parcelle Assainies, Dakar
Chaussures,10000,https://images.coinafrique.com/thumb_3673159_uploaded_image3_1651154872.jpeg,Parcelle Assainies, Dakar
Chaussures,3500,https://images.coinafrique.com/thumb_3641983_uploaded_image1_1649278750.jpg,Thies, Sénégal
Chaussures,7000,https://images.coinafrique.com/thumb_3641151_uploaded_image2_1649247824.jpeg,Grand Yoff, Dakar
Ballerines,7000,https://images.coinafrique.com/thumb_3617411_uploaded_image1_1647863237.jpg,Grand Yoff, Dakar
Chaussures,5000,https://images.coinafrique.com/thumb_3579013_uploaded_image1_1645581208.jpg,Medina, Dakar
Chaussures,2000,https://images.coinafrique.com/thumb_3543253_uploaded_image1_1643397434.jpg,Mermoz-Sacré Coeur, Dakar
Chaussures,11000,https://images.coinafrique.com/thumb_3537500_uploaded_image1_1643045085.jpg,Colobane, Dakar
Pantoufles,4000,https://images.coinafrique.com/thumb_3533457_uploaded_image1_1642754956.jpg,Cambérène, Dakar
,4000,https://images.coinafrique.com/thumb_3529128_uploaded_image1_1642500345.jpg,Cambérène, Dakar
Chaussures,10000,https://images.coinafrique.com/thumb_3513868_uploaded_image1_1641563929.jpg,Guediawaye, Dakar
BasketsNike,15000,https://images.coinafrique.com/thumb_3496189_uploaded_image2_1640319435.jpeg,Biscuiterie, Dakar
Chaussuresen,12000,https://images.coinafrique.com/thumb_3495410_uploaded_image1_1640264833.jpg,Grand Yoff, Dakar
Chaussuresdeville,5000,https://images.coinafrique.com/thumb_3493336_uploaded_image1_1640119181.jpg,Keur Massar, Sénégal
Souliers,15000,https://images.coinafrique.com/thumb_3486610_uploaded_image1_1639656374.jpg,Dieuppeul-Derklé, Dakar
Sandalespour,1000,https://images.coinafrique.com/thumb_3481315_uploaded_image1_1639352929.jpg,Patte d'oie, Dakar
Chaussures,12000,https://images.coinafrique.com/thumb_3473971_uploaded_image1_1638920046.jpg,Dakar, Sénégal
Ballerines,10000,https://images.coinafrique.com/thumb_3468451_uploaded_image1_1638628031.jpg,Ouest Foire, Dakar
Chaussettes,9000,https://images.coinafrique.com/thumb_3451771_uploaded_image1_1637718423.jpg,HLM, Dakar
Chaussures,7000,https://images.coinafrique.com/thumb_3432590_uploaded_image2_1636625019.jpeg,Dakar Plateau, Dakar
Chaussuresorthopédiques,4500,https://images.coinafrique.com/thumb_3429468_uploaded_image1_1636466917.jpg,Grand Yoff, Dakar
Sandalespetites,2000,https://images.coinafrique.com/thumb_3415129_uploaded_image1_1635810651.jpg,Mbao, Dakar
Chaussures,2000,https://images.coinafrique.com/thumb_3415124_uploaded_image1_1635810270.jpg,Mbao, Dakar
Sandales,1500,https://images.coinafrique.com/thumb_3401227_uploaded_image1_1635079924.jpg,Patte d'oie, Dakar
Sandales,1500,https://images.coinafrique.com/thumb_3401225_uploaded_image1_1635079810.jpg,Patte d'oie, Dakar
Baskets,14000,https://images.coinafrique.com/thumb_3398164_uploaded_image1_1634895995.jpg,Guediawaye, Dakar
Chaussurespour,12000,https://images.coinafrique.com/thumb_3391943_uploaded_image1_1634574064.jpg,Dakar, Sénégal
Chaussuresorthopédiques,6500,https://images.coinafrique.com/thumb_3378261_uploaded_image1_1633851365.jpg,Grand Yoff, Dakar
Chaussures,12000,https://images.coinafrique.com/thumb_3370357_uploaded_image1_1633470461.jpg,Dakar, Sénégal
Chaussures,12000,https://images.coinafrique.com/thumb_3370124_uploaded_image1_1633461260.jpg,Dakar, Sénégal
Chaussures,6000,https://images.coinafrique.com/thumb_3365662_uploaded_image1_1633268172.jpg,Guediawaye, Dakar
Mocassinsenfanten,15000,https://images.coinafrique.com/thumb_3354895_uploaded_image1_1632752207.jpg,Dakar Plateau, Dakar
Chaussures,8000,https://images.coinafrique.com/thumb_3349497_uploaded_image1_1632394857.jpg,Dakar, Sénégal
Chaussures,5000,https://images.coinafrique.com/thumb_3336753_uploaded_image1_1631736848.jpg,Hann Bel-Air, Dakar
Baskets,7000,https://images.coinafrique.com/thumb_3327812_uploaded_image1_1631278298.jpg,Colobane, Dakar
Mocassins,15000,https://images.coinafrique.com/thumb_3319920_uploaded_image1_1630947708.jpg,Dakar, Sénégal
Baskets,7000,https://images.coinafrique.com/thumb_3316031_uploaded_image1_1630757466.jpg,Colobane, Dakar
Chaussures,13500,https://images.coinafrique.com/thumb_3312395_uploaded_image1_1630601772.jpg,Dakar, Sénégal
Chaussures,2500,https://images.coinafrique.com/thumb_3305453_uploaded_image2_1630348767.jpeg,Dakar, Sénégal
Chaussures,13500,https://images.coinafrique.com/thumb_3288174_uploaded_image1_1629374418.jpg,Dakar, Sénégal
Chaussures,13500,https://images.coinafrique.com/thumb_3288168_uploaded_image1_1629374275.jpg,Dakar, Sénégal
Chaussures,13500,https://images.coinafrique.com/thumb_3288165_uploaded_image1_1629374192.jpg,Dakar, Sénégal
Chaussures,3000,https://images.coinafrique.com/thumb_3267690_uploaded_image1_1628334320.jpg,Mermoz-Sacré Coeur, Dakar
Chaussures,12500,https://images.coinafrique.com/thumb_3252340_uploaded_image1_1627653888.jpg,Dakar, Sénégal
Chaussures,15000,https://images.coinafrique.com/thumb_3247099_uploaded_image1_1627387079.jpg,Grand Yoff, Dakar
Babouches,7000,https://images.coinafrique.com/thumb_3231496_uploaded_image1_1626390253.jpg,Hann Bel-Air, Dakar
Chaussures,10000,https://images.coinafrique.com/thumb_3227293_uploaded_image1_1626223659.jpg,Biscuiterie, Dakar
Chaussures,15000,https://images.coinafrique.com/thumb_3224546_uploaded_image1_1626108022.jpg,Dakar Plateau, Dakar
Chaussures,10000,https://images.coinafrique.com/thumb_3217628_uploaded_image1_1625766871.jpg,Hann Bel-Air, Dakar
Chaussures,10000,https://images.coinafrique.com/thumb_3217622_uploaded_image1_1625766711.jpg,Hann Bel-Air, Dakar
Chaussures,10000,https://images.coinafrique.com/thumb_3217486_uploaded_image1_1625761437.jpg,Hann Bel-Air, Dakar
Chaussures,10000,https://images.coinafrique.com/thumb_3217457_uploaded_image1_1625760969.jpg,Hann Bel-Air, Dakar
BasketsAirJordan,15000,https://images.coinafrique.com/thumb_3171528_uploaded_image1_1623678884.jpg,Point E, Dakar
Chaussures,5000,https://images.coinafrique.com/thumb_3156703_uploaded_image1_1623001294.jpg,HLM, Dakar
Chaussures,6000,https://images.coinafrique.com/thumb_3140539_uploaded_image1_1622331287.jpg,Parcelle Assainies, Dakar
Chaussures,5000,https://images.coinafrique.com/thumb_3138744_uploaded_image1_1622222944.jpg,Colobane, Dakar
Chaussures,5000,https://images.coinafrique.com/thumb_3138741_uploaded_image1_1622222899.jpg,Colobane, Dakar
Chaussures,6000,https://images.coinafrique.com/thumb_3136795_uploaded_image1_1622129786.jpg,Parcelle Assainies, Dakar
Chaussuresorthopédiques,12000,https://images.coinafrique.com/thumb_3128593_uploaded_image1_1621701550.jpg,Rufisque, Sénégal
Chaussures,8500,https://images.coinafrique.com/thumb_3124327_uploaded_image1_1621494874.jpg,Grand Dakar, Dakar
Chaussurescrops,5000,https://images.coinafrique.com/thumb_3106484_uploaded_image1_1620567535.jpg,Mermoz-Sacré Coeur, Dakar
Chaussures,2500,https://images.coinafrique.com/thumb_3105886_uploaded_image1_1620525968.jpg,Dieuppeul-Derklé, Dakar
Chaussures,6000,https://images.coinafrique.com/thumb_3102441_uploaded_image1_1620372742.jpg,Almadies, Dakar
Chaussures,6000,https://images.coinafrique.com/thumb_3102432_uploaded_image1_1620372465.jpg,Almadies, Dakar
Chaussures,3500,https://images.coinafrique.com/thumb_3102429_uploaded_image1_1620372293.jpg,Parcelle Assainies, Dakar
Chaussures,6000,https://images.coinafrique.com/thumb_3102419_uploaded_image1_1620371811.jpg,Almadies, Dakar
Chaussures,6000,https://images.coinafrique.com/thumb_3102417_uploaded_image1_1620371690.jpg,Rufisque, Sénégal
Chaussures,10000,https://images.coinafrique.com/thumb_3102122_uploaded_image1_1620341974.jpg,Biscuiterie, Dakar
Chaussures,50000,https://images.coinafrique.com/thumb_3100228_uploaded_image1_1620285689.jpg,Fann-Point E-Amitié, Dakar
Chaussuresàtalon,10000,https://images.coinafrique.com/thumb_3095584_uploaded_image1_1620089749.jpg,Dakar, Sénégal
Chaussures,15000,https://images.coinafrique.com/thumb_3093302_uploaded_image1_1620011941.jpg,Biscuiterie, Dakar
Chaussures,5500,https://images.coinafrique.com/thumb_3084737_uploaded_image1_1619615814.jpg,Colobane, Dakar
Chaussures,10000,https://images.coinafrique.com/thumb_3077278_uploaded_image1_1619226701.jpg,Dakar, Sénégal
Chaussures,15000,https://images.coinafrique.com/thumb_3075527_uploaded_image1_1619145411.jpg,Dakar, Sénégal
Chaussures,5000,https://images.coinafrique.com/thumb_3071648_uploaded_image1_1619000211.jpg,Dakar, Sénégal
Chaussures,10000,https://images.coinafrique.com/thumb_3052212_uploaded_image1_1618089468.jpg,Dakar, Sénégal
BasketsAdidasStanSmithpour,8000,https://images.coinafrique.com/thumb_3048378_uploaded_image1_1617915277.jpg,Dakar, Sénégal
Chaussures,10000,https://images.coinafrique.com/thumb_3047906_uploaded_image1_1617901111.jpg,Ziguinchor, Sénégal
Chaussures,10000,https://images.coinafrique.com/thumb_3047901_uploaded_image1_1617900953.jpg,Dakar, Sénégal
Chaussures,10000,https://images.coinafrique.com/thumb_3047895_uploaded_image1_1617900785.jpg,Dakar, Sénégal
Chaussures,10000,https://images.coinafrique.com/thumb_3040951_uploaded_image1_1617626335.jpg,Dakar, Sénégal
Chaussures,10000,https://images.coinafrique.com/thumb_3040948_uploaded_image1_1617626252.jpg,Dakar, Sénégal
Chaussures,10000,https://images.coinafrique.com/thumb_3039898_uploaded_image1_1617564756.jpg,Dakar, Sénégal
Mocassins,10000,https://images.coinafrique.com/thumb_3039894_uploaded_image1_1617564682.jpg,Dakar, Sénégal
Chaussures,10000,https://images.coinafrique.com/thumb_3039890_uploaded_image1_1617564616.jpg,Dakar, Sénégal
BasketsAdidas,10000,https://images.coinafrique.com/thumb_3039797_uploaded_image1_1617561525.jpg,Dakar, Sénégal
Ensemble,12000,https://images.coinafrique.com/thumb_3032235_uploaded_image1_1617269518.jpg,HLM, Dakar
Chaussures,4000,https://images.coinafrique.com/thumb_3024586_uploaded_image1_1616871119.jpg,HLM, Dakar
Chaussures,5000,https://images.coinafrique.com/thumb_3024046_uploaded_image1_1616850690.jpg,HLM, Dakar
Chaussures,8500,https://images.coinafrique.com/thumb_3019231_uploaded_image1_1616610393.jpg,Dakar, Sénégal
Chaussuresenfant,5000,https://images.coinafrique.com/thumb_3012388_uploaded_image1_1616265482.jpg,Colobane, Dakar
Chaussures,8500,https://images.coinafrique.com/thumb_3004980_uploaded_image1_1615909281.jpg,Dakar, Sénégal
Mocassin,8000,https://images.coinafrique.com/thumb_2998854_uploaded_image1_1615573131.jpg,Dakar, Sénégal
Chaussures,6000,https://images.coinafrique.com/thumb_2972549_uploaded_image1_1614340377.jpg,Dakar, Sénégal
Claquettes,6000,https://images.coinafrique.com/thumb_2972548_uploaded_image1_1614340301.jpg,Dakar, Sénégal
Chaussures,3000,https://images.coinafrique.com/thumb_2956562_uploaded_image1_1613573380.jpg,Dakar, Sénégal
ChaussuresJordan,20000,https://images.coinafrique.com/thumb_2934921_uploaded_image1_1612567043.jpg,Dakar Plateau, Dakar
Baskets,1000,https://images.coinafrique.com/thumb_2905159_uploaded_image1_1611266722.jpg,Dakar, Sénégal
Chaussures,30000,https://images.coinafrique.com/thumb_2896647_uploaded_image1_1610917261.jpg,Dakar, Sénégal
Chaussures,25000,https://images.coinafrique.com/thumb_2883679_uploaded_image1_1610381004.jpg,Almadies, Dakar
Chaussures,25000,https://images.coinafrique.com/thumb_2883672_uploaded_image1_1610380885.jpg,Almadies, Dakar
Chaussures,2500,https://images.coinafrique.com/thumb_2847269_uploaded_image1_1608653733.jpg,HLM, Dakar
BasketsNikepour,10000,https://images.coinafrique.com/thumb_2837971_uploaded_image1_1608232681.jpg,Mermoz-Sacré Coeur, Dakar
Chaussures,10000,https://images.coinafrique.com/thumb_2831294_uploaded_image1_1607984493.jpg,HLM, Dakar
Chaussuresfriperie-,5000,https://images.coinafrique.com/thumb_2812381_uploaded_image1_1607243451.jpg,Colobane, Dakar
Baskets,15000,https://images.coinafrique.com/thumb_2810613_uploaded_image1_1607160786.jpg,Dakar Plateau, Dakar
Chaussures,2500,https://images.coinafrique.com/thumb_2802614_uploaded_image1_1606904602.jpg,Dieuppeul-Derklé, Dakar
Chaussures,3000,https://images.coinafrique.com/thumb_2801602_uploaded_image1_1606862013.jpg,HLM, Dakar
Chaussures,10000,https://images.coinafrique.com/thumb_2797680_uploaded_image1_1606753722.jpg,Yoff, Dakar
Chaussures,3000,https://images.coinafrique.com/thumb_2795704_uploaded_image1_1606681411.jpg,Grand Dakar, Dakar
Claquettes,6000,https://images.coinafrique.com/thumb_2795343_uploaded_image1_1606666445.jpg,Guediawaye, Dakar
Baskets,22500,https://images.coinafrique.com/thumb_2789511_uploaded_image1_1606408266.jpg,Dakar, Sénégal
Chaussures,13000,https://images.coinafrique.com/thumb_2772389_uploaded_image1_1605772309.jpg,Ziguinchor, Sénégal
Chaussures,15000,https://images.coinafrique.com/thumb_2772383_uploaded_image1_1605772057.jpg,Ziguinchor, Sénégal
Chaussures,10000,https://images.coinafrique.com/thumb_2765779_uploaded_image1_1605531902.jpg,Mermoz-Sacré Coeur, Dakar
Claquettes,2500,https://images.coinafrique.com/thumb_2762753_uploaded_image1_1605397699.jpg,Dieuppeul-Derklé, Dakar
Chaussuresdesport,2000,https://images.coinafrique.com/thumb_2752149_uploaded_image1_1605019568.jpg,Hann Bel-Air, Dakar
Chaussures,2500,https://images.coinafrique.com/thumb_2752137_uploaded_image1_1605019378.jpg,Hann Bel-Air, Dakar
Chaussuresd'été,3000,https://images.coinafrique.com/thumb_2752129_uploaded_image1_1605019198.jpg,Hann Bel-Air, Dakar
Chaussures,7500,https://images.coinafrique.com/thumb_2752111_uploaded_image1_1605018817.jpg,Hann Bel-Air, Dakar
Chaussures,15000,https://images.coinafrique.com/thumb_2749776_uploaded_image1_1604935997.jpg,Kolda, Sénégal
Chaussures,10000,https://images.coinafrique.com/thumb_2749342_uploaded_image1_1604925569.jpg,Patte d'oie, Dakar
Chaussures,15000,https://images.coinafrique.com/thumb_2747212_uploaded_image1_1604838947.jpg,Hann Bel-Air, Hann / Bel Air (Dakar)
Chaussures,15000,https://images.coinafrique.com/thumb_2744527_uploaded_image1_1604704184.jpg,Mermoz-Sacré Coeur, Dakar
Chaussures,7000,https://images.coinafrique.com/thumb_2740384_uploaded_image1_1604582455.jpg,Dakar, Sénégal
Chaussures,7000,https://images.coinafrique.com/thumb_2740383_uploaded_image1_1604582418.jpg,Dakar, Sénégal
Chaussures,12000,https://images.coinafrique.com/thumb_2735476_uploaded_image1_1604424098.jpg,Hann Bel-Air, Dakar
Chaussures,10000,https://images.coinafrique.com/thumb_2734564_uploaded_image1_1604405272.jpg,Dakar, Sénégal
Chaussures,3500,https://images.coinafrique.com/thumb_2734509_uploaded_image1_1604404615.jpg,Parcelle Assainies, Dakar
Chaussures,2500,https://images.coinafrique.com/thumb_2733477_uploaded_image1_1604363169.jpg,Dieuppeul-Derklé, Dakar
Chaussures,10000,https://images.coinafrique.com/thumb_2732252_uploaded_image1_1604327384.jpg,Patte d'oie, Dakar
Chaussurespour,8000,https://images.coinafrique.com/thumb_2726067_uploaded_image1_1604015534.jpg,Dakar, Sénégal
Chaussures,2500,https://images.coinafrique.com/thumb_2720321_uploaded_image1_1603756962.jpg,Dieuppeul-Derklé, Dakar
Chaussures,3000,https://images.coinafrique.com/thumb_2686221_uploaded_image1_1602375459.jpg,Dieuppeul-Derklé, Dakar
Chaussures,10000,https://images.coinafrique.com/thumb_2671653_uploaded_image1_1601824422.jpg,Dakar, Sénégal
Chaussures,3000,https://images.coinafrique.com/thumb_2658958_uploaded_image1_1601383110.jpg,Dakar Plateau, Dakar
Chaussures,3000,https://images.coinafrique.com/thumb_2658953_uploaded_image1_1601383073.jpg,Dakar Plateau, Dakar
Chaussures,3000,https://images.coinafrique.com/thumb_2655658_uploaded_image1_1601252815.jpg,Dieuppeul-Derklé, Dakar
Chaussures,5000,https://images.coinafrique.com/thumb_2646040_uploaded_image1_1600852986.jpg,Parcelle Assainies, Dakar
Chaussures,3000,https://images.coinafrique.com/thumb_2642974_uploaded_image1_1600732549.jpg,Dieuppeul-Derklé, Dakar
Chaussures,3000,https://images.coinafrique.com/thumb_2629141_uploaded_image1_1600221342.jpg,Dieuppeul-Derklé, Dakar
Chaussures,3000,https://images.coinafrique.com/thumb_2623386_uploaded_image1_1600019061.jpg,Dieuppeul-Derklé, Dakar
Chaussures,6000,https://images.coinafrique.com/thumb_2621862_uploaded_image1_1599941553.jpg,Dakar, Sénégal
Chaussures,6000,https://images.coinafrique.com/thumb_2621852_uploaded_image1_1599941341.jpg,Dakar, Sénégal
Chaussures,6000,https://images.coinafrique.com/thumb_2621850_uploaded_image1_1599941226.jpg,Dakar, Sénégal
Chaussures,6000,https://images.coinafrique.com/thumb_2621842_uploaded_image1_1599941018.jpg,Dakar, Sénégal
Chaussures,6000,https://images.coinafrique.com/thumb_2621836_uploaded_image1_1599940895.jpg,Dakar, Sénégal
Chaussures,6000,https://images.coinafrique.com/thumb_2621830_uploaded_image1_1599940781.jpg,Dakar, Sénégal
Chaussures,3000,https://images.coinafrique.com/thumb_2612829_uploaded_image1_1599648926.jpg,Dieuppeul-Derklé, Dakar
Chaussures,3000,https://images.coinafrique.com/thumb_2606174_uploaded_image1_1599441065.jpg,Dieuppeul-Derklé, Dakar
Chaussures,3000,https://images.coinafrique.com/thumb_2601784_uploaded_image1_1599263254.jpg,Dieuppeul-Derklé, Dakar
Chaussures,8000,https://images.coinafrique.com/thumb_2584194_uploaded_image1_1598703235.jpg,Hann Bel-Air, Dakar
Chaussures,6000,https://images.coinafrique.com/thumb_2486553_uploaded_image1_1595806629.jpg,Dieuppeul-Derklé, Dakar
Chaussures,6000,https://images.coinafrique.com/thumb_2484023_uploaded_image1_1595729844.jpg,Dieuppeul-Derklé, Dakar
Chaussures,6000,https://images.coinafrique.com/thumb_2484019_uploaded_image1_1595729648.jpg,Dieuppeul-Derklé, Dakar
Chaussures,7500,https://images.coinafrique.com/thumb_2484015_uploaded_image1_1595729350.jpg,Dieuppeul-Derklé, Dakar
Chaussures,5000,https://images.coinafrique.com/thumb_2484004_uploaded_image1_1595729080.jpg,Dieuppeul-Derklé, Dakar
Chaussures,8000,https://images.coinafrique.com/thumb_2480205_uploaded_image1_1595631053.jpg,Dakar, Sénégal
Chaussures,8000,https://images.coinafrique.com/thumb_2480204_uploaded_image1_1595631025.jpg,Dakar, Sénégal
Chaussures,8500,https://images.coinafrique.com/thumb_2477046_uploaded_image1_1595580779.jpg,Biscuiterie, Dakar
Chaussures,7500,https://images.coinafrique.com/thumb_2476350_uploaded_image1_1595551356.jpg,Dieuppeul-Derklé, Dakar
Chaussures,5000,https://images.coinafrique.com/thumb_2476339_uploaded_image1_1595551015.jpg,Dieuppeul-Derklé, Dakar
Chaussures,6000,https://images.coinafrique.com/thumb_2472307_uploaded_image1_1595468941.jpg,Dieuppeul-Derklé, Dakar
Chaussures,6000,https://images.coinafrique.com/thumb_2472298_uploaded_image1_1595468772.jpg,Dieuppeul-Derklé, Dakar
Chaussures,6000,https://images.coinafrique.com/thumb_2472283_uploaded_image1_1595468382.jpg,Dieuppeul-Derklé, Dakar
Chaussures,6000,https://images.coinafrique.com/thumb_2456502_uploaded_image1_1595118562.jpg,Dieuppeul-Derklé, Dakar
Chaussures,6000,https://images.coinafrique.com/thumb_2444887_uploaded_image1_1594863625.jpg,Dieuppeul-Derklé, Dakar
Chaussures,4000,https://images.coinafrique.com/thumb_2444525_uploaded_image1_1594854180.jpg,Dakar, Sénégal
Chaussures,6000,https://images.coinafrique.com/thumb_2443725_uploaded_image1_1594838891.jpg,Ouakam, Dakar
Chaussures,5500,https://images.coinafrique.com/thumb_2443709_uploaded_image1_1594838430.jpg,Ouakam, Dakar
Chaussures,6000,https://images.coinafrique.com/thumb_2443093_uploaded_image1_1594828501.jpg,Dieuppeul-Derklé, Dakar
Chaussurespour,12000,https://images.coinafrique.com/thumb_2439527_uploaded_image1_1594751426.jpg,Hann Bel-Air, Dakar
Chaussures,8000,https://images.coinafrique.com/thumb_2431711_uploaded_image1_1594596062.jpg,Dakar, Sénégal
Chaussures,8000,https://images.coinafrique.com/thumb_2431710_uploaded_image1_1594596033.jpg,Dakar, Sénégal
Chaussures,4500,https://images.coinafrique.com/thumb_2430991_uploaded_image1_1594579037.35.jpeg,Mermoz-Sacré-Cœur, Dakar
Chaussures,6000,https://images.coinafrique.com/thumb_2428992_uploaded_image1_1594520466.jpg,Dieuppeul-Derklé, Dakar
Chaussures,8000,https://images.coinafrique.com/thumb_2428826_uploaded_image1_1594515028.jpg,Dakar, Sénégal
Chaussures,8000,https://images.coinafrique.com/thumb_2428822_uploaded_image1_1594514978.jpg,Dakar, Sénégal
Chaussures,8000,https://images.coinafrique.com/thumb_2428820_uploaded_image1_1594514951.jpg,Dakar, Sénégal
Chaussures,6000,https://images.coinafrique.com/thumb_2425191_uploaded_image1_1594428152.jpg,Dieuppeul-Derklé, Dakar
Chaussures,30000,https://images.coinafrique.com/thumb_2420883_uploaded_image2_1594336964.jpeg,Dakar, Sénégal
Chaussures,2200,https://images.coinafrique.com/thumb_2420872_uploaded_image1_1594336760.jpg,Dakar, Sénégal
Chaussuresbébéfilleo-1,3000,https://images.coinafrique.com/thumb_2415033_uploaded_image1_1594235186.jpg,Sicap Liberté, Dakar
Chaussures,6000,https://images.coinafrique.com/thumb_2413078_uploaded_image1_1594213991.jpg,Dieuppeul-Derklé, Dakar
Chaussures,6000,https://images.coinafrique.com/thumb_2410519_uploaded_image1_1594168798.jpg,Dieuppeul-Derklé, Dakar
Chaussures,10000,https://images.coinafrique.com/thumb_2406863_uploaded_image1_1594125288.jpg,Dakar, Sénégal
Chaussures,10000,https://images.coinafrique.com/thumb_2406856_uploaded_image1_1594125233.jpg,Dakar, Sénégal
Chaussures,6000,https://images.coinafrique.com/thumb_2406756_uploaded_image1_1594124181.jpg,Dieuppeul-Derklé, Dakar
Chaussures,9000,https://images.coinafrique.com/thumb_2394786_uploaded_image1_1593908865.jpg,Dakar, Sénégal
Chaussures,9000,https://images.coinafrique.com/thumb_2394785_uploaded_image1_1593908839.jpg,Dakar, Sénégal
Chaussures,9000,https://images.coinafrique.com/thumb_2394784_uploaded_image1_1593908812.jpg,Dakar, Sénégal
Chaussures,9000,https://images.coinafrique.com/thumb_2394779_uploaded_image1_1593908787.jpg,Dakar, Sénégal
Chaussurestalons/,8000,https://images.coinafrique.com/thumb_2387260_uploaded_image1_1593777158.jpg,Dakar Plateau, Dakar
Chaussures,8000,https://images.coinafrique.com/thumb_2387223_uploaded_image1_1593776935.jpg,Dakar Plateau, Dakar
Chaussures,5000,https://images.coinafrique.com/thumb_2386398_uploaded_image1_1593767956.jpg,Dieuppeul-Derklé, Dakar
Chaussures,6000,https://images.coinafrique.com/thumb_2384995_uploaded_image1_1593740881.jpg,Dieuppeul-Derklé, Dakar
Chaussures,6000,https://images.coinafrique.com/thumb_2384989_uploaded_image1_1593740679.jpg,Dieuppeul-Derklé, Dakar
Chaussures,5000,https://images.coinafrique.com/thumb_2374657_uploaded_image1_1593591600.jpg,Dieuppeul-Derklé, Dakar
Chaussures,6000,https://images.coinafrique.com/thumb_2373859_uploaded_image1_1593565219.jpg,Dieuppeul-Derklé, Dakar
Chaussures,7000,https://images.coinafrique.com/thumb_2372034_uploaded_image1_1593536794.jpg,Grand Yoff, Dakar
Chaussures,2000,https://images.coinafrique.com/thumb_2370678_uploaded_image1_1593519909.jpg,Parcelle Assainies, Dakar
Chaussures,6000,https://images.coinafrique.com/thumb_2368631_uploaded_image1_1593480923.jpg,Dieuppeul-Derklé, Dakar
Chaussures,6000,https://images.coinafrique.com/thumb_2368597_uploaded_image1_1593479349.jpg,Dieuppeul-Derklé, Dakar
Chaussures,6000,https://images.coinafrique.com/thumb_2368592_uploaded_image1_1593479154.jpg,Dieuppeul-Derklé, Dakar
Chaussures,6000,https://images.coinafrique.com/thumb_2362995_uploaded_image1_1593391755.jpg,Dieuppeul-Derklé, Dakar
Chaussures,6000,https://images.coinafrique.com/thumb_2358530_uploaded_image1_1593308116.jpg,Dieuppeul-Derklé, Dakar
Chaussures,6000,https://images.coinafrique.com/thumb_2358522_uploaded_image1_1593307426.jpg,Dieuppeul-Derklé, Dakar
Chaussures,5000,https://images.coinafrique.com/thumb_2355164_uploaded_image1_1593254062.jpg,Dakar, Sénégal
Chaussures,5000,https://images.coinafrique.com/thumb_2355154_uploaded_image1_1593253972.jpg,Dakar, Sénégal
Chaussures,6000,https://images.coinafrique.com/thumb_2353584_uploaded_image1_1593215803.jpg,Dieuppeul-Derklé, Dakar
Chaussures,6000,https://images.coinafrique.com/thumb_2347318_uploaded_image1_1593121877.jpg,Dieuppeul-Derklé, Dakar
,6000,https://images.coinafrique.com/thumb_2342498_uploaded_image1_1593045989.jpg,Dieuppeul-Derklé, Dakar
Chaussures,6000,https://images.coinafrique.com/thumb_2338432_uploaded_image1_1592996353.jpg,Dieuppeul-Derklé, Dakar
Chaussures,6000,https://images.coinafrique.com/thumb_2338242_uploaded_image1_1592994800.jpg,Dieuppeul-Derklé, Dakar
Chaussures,7000,https://images.coinafrique.com/thumb_2325327_uploaded_image1_1592813494.35.jpeg,Mermoz-Sacré-Cœur, Dakar
Chaussettesenfants0à12,2000,https://images.coinafrique.com/thumb_2309761_uploaded_image1_1592519361.jpg,Dakar, Sénégal
Chaussures,7000,https://images.coinafrique.com/thumb_2309224_uploaded_image1_1592511424.09.jpeg,Mermoz-Sacré-Cœur, Dakar
Bottesde,5000,https://images.coinafrique.com/thumb_2306870_uploaded_image1_1592485025.jpg,Dakar, Sénégal
Chaussures,5000,https://images.coinafrique.com/thumb_2267587_uploaded_image1_1591883524.jpg,Fass, Dakar
Chaussures,8000,https://images.coinafrique.com/thumb_2232916_uploaded_image1_1591360785.0.jpeg,Mermoz-Sacré-Cœur, Dakar
Chaussures,8000,https://images.coinafrique.com/thumb_2232803_uploaded_image1_1591359499.1.jpeg,Mermoz-Sacré-Cœur, Dakar
Chaussures,8000,https://images.coinafrique.com/thumb_2232790_uploaded_image1_1591359369.97.jpeg,Mermoz-Sacré-Cœur, Dakar
Claquettes,10000,https://images.coinafrique.com/thumb_2226824_uploaded_image1_1591274411.jpg,Dakar, Sénégal
Chaussures,10000,https://images.coinafrique.com/thumb_2226808_uploaded_image1_1591274323.jpg,Dakar, Sénégal
Mocassins,3000,https://images.coinafrique.com/thumb_2215961_uploaded_image1_1591114475.jpg,Parcelle Assainies, Dakar
Chaussurespour,15000,https://images.coinafrique.com/thumb_2194875_uploaded_image1_1590773724.jpg,Mermoz-Sacré Coeur, Dakar
Chaussurespour,1500,https://images.coinafrique.com/thumb_2183732_uploaded_image1_1590617703.jpg,Les Parcelles Assainies, Dakar
Chaussures,25000,https://images.coinafrique.com/thumb_2159342_uploaded_image1_1590187020.jpg,Dakar, Sénégal
Chaussures,25000,https://images.coinafrique.com/thumb_2155033_uploaded_image1_1590126435.jpg,Dakar Plateau, Dakar
Claquettes,3500,https://images.coinafrique.com/thumb_2141792_uploaded_image1_1589925335.jpg,HLM, Dakar
Chaussures,10000,https://images.coinafrique.com/thumb_2136742_uploaded_image1_1589868433.jpg,Dakar, Sénégal
Chaussures,5000,https://images.coinafrique.com/thumb_2132107_uploaded_image1_1589794495.jpg,HLM, Dakar
Chaussures,15000,https://images.coinafrique.com/thumb_2107561_uploaded_image1_1589392060.jpg,Mermoz-Sacré Coeur, Dakar
Chaussures,10000,https://images.coinafrique.com/thumb_2089890_uploaded_image1_1589126792.jpg,Grand Yoff, Dakar
Chaussures,1000,https://images.coinafrique.com/thumb_2085293_uploaded_image1_1589039358.jpg,Les Parcelles Assainies, Dakar
Mocassins,8000,https://images.coinafrique.com/thumb_2076365_uploaded_image1_1588895603.jpg,Fann, Dakar
Chaussures/,8000,https://images.coinafrique.com/thumb_2076146_uploaded_image1_1588892627.jpg,Fann, Dakar
Chaussures,10000,https://images.coinafrique.com/thumb_2065087_uploaded_image1_1588754465.jpg,Fann, Dakar
Chaussures,10000,https://images.coinafrique.com/thumb_2065082_uploaded_image1_1588754439.jpg,Fann, Dakar
Chaussures,10000,https://images.coinafrique.com/thumb_2065078_uploaded_image1_1588754407.jpg,Fann, Dakar
Chaussures,7000,https://images.coinafrique.com/thumb_2063105_uploaded_image1_1588710562.jpg,HLM, Dakar
Chaussures,7000,https://images.coinafrique.com/thumb_2063093_uploaded_image1_1588710337.jpg,HLM, Dakar
Chaussures,10000,https://images.coinafrique.com/thumb_2061931_uploaded_image1_1588694498.jpg,Fann, Dakar
Chaussures,10000,https://images.coinafrique.com/thumb_2061930_uploaded_image1_1588694471.jpg,Fann, Dakar
Chaussures,10000,https://images.coinafrique.com/thumb_2061928_uploaded_image1_1588694441.jpg,Fann, Dakar
Chaussures,10000,https://images.coinafrique.com/thumb_2061925_uploaded_image1_1588694405.jpg,Fann, Dakar
Chaussures,10000,https://images.coinafrique.com/thumb_2061921_uploaded_image1_1588694361.jpg,Fann, Dakar
Chaussures,15000,https://images.coinafrique.com/thumb_2059409_uploaded_image1_1588669821.jpg,Fann, Dakar
Chaussons,1000,https://images.coinafrique.com/thumb_1910111_uploaded_image1_1586296633.75.png,Rufisque, Sénégal
Chaussures,10000,https://images.coinafrique.com/thumb_1908886_uploaded_image1_1586280238.42.png,Fass, Dakar
Chaussures,12000,https://images.coinafrique.com/thumb_1907189_uploaded_image1_1586261390.67.png,Fass, Dakar
Chaussures,5000,https://images.coinafrique.com/thumb_1906443_uploaded_image1_1586253297.45.png,Rufisque, Sénégal
Chaussures/bébé,5000,https://images.coinafrique.com/thumb_1906434_uploaded_image1_1586253219.55.png,Rufisque, Sénégal
Chaussuresbébé,5000,https://images.coinafrique.com/thumb_1906399_uploaded_image1_1586252881.19.png,Rufisque, Sénégal
ChaussuresenfantCat&,7000,https://images.coinafrique.com/thumb_1873847_uploaded_image1_1585663572.73.png,Dakar, Sénégal
Chaussures,2000,https://images.coinafrique.com/thumb_1860238_uploaded_image1_1585403818.62.png,Dakar Plateau, Dakar
Chaussures,10000,https://images.coinafrique.com/thumb_1711436_uploaded_image1_1582778564.65.png,Les Parcelles Assainies, Dakar
Claquettes,10000,https://images.coinafrique.com/thumb_1679922_uploaded_image1_1582210105.85.png,Dakar Plateau, Dakar
Chaussures,8000,https://images.coinafrique.com/thumb_1607931_uploaded_image1_1581037601.04.png,Les Parcelles Assainies, Dakar
Chaussures,5000,https://images.coinafrique.com/thumb_1581551_uploaded_image1_1580655582.93.png,Fass, Dakar
Chaussurespour,5000,https://images.coinafrique.com/thumb_1581547_uploaded_image1_1580655536.54.png,Fass, Dakar
Chaussures,5000,https://images.coinafrique.com/thumb_1581543_uploaded_image1_1580655480.41.png,Fass, Dakar
Chaussures,5000,https://images.coinafrique.com/thumb_1581540_uploaded_image1_1580655426.76.png,Fass, Dakar
BasketsJordan,40000,https://images.coinafrique.com/thumb_1566247_uploaded_image1_1580391008.81.png,Thies Nord, Thiès
Baskets,40000,https://images.coinafrique.com/thumb_1566225_uploaded_image2_1580390769.12.png,Thies Nord, Thiès
Chaussures,10000,https://images.coinafrique.com/thumb_1409266_uploaded_image1_1577711646.42.png,Mermoz-Sacré-Cœur, Dakar
Chaussures,7000,https://images.coinafrique.com/thumb_1388690_uploaded_image1_1577283660.0.png,Les Parcelles Assainies, Dakar
Chaussures,4000,https://images.coinafrique.com/thumb_1381082_uploaded_image1_1577115739.61.png,Grand Yoff, Dakar
Chaussurespour,12000,https://images.coinafrique.com/thumb_1369049_uploaded_image1_1576856907.85.png,Grand Yoff, Dakar
Coffretspour,6000,https://images.coinafrique.com/thumb_1357961_uploaded_image1_1576667812.04.png,Sicap Liberté, Dakar
Claquettespour,9000,https://images.coinafrique.com/thumb_1352820_uploaded_image1_1576580373.29.png,Mermoz-Sacré-Cœur, Dakar
Chaussures,7500,https://images.coinafrique.com/thumb_1271193_uploaded_image1_1575044622.08.png,Guediawaye, Dakar
Chaussures,3500,https://images.coinafrique.com/thumb_1270845_uploaded_image1_1575041164.15.png,Dakar, Sénégal
Chaussures,7000,https://images.coinafrique.com/thumb_1183496_uploaded_image1_1573475198.52.png,Dakar, Sénégal
Chaussures,3000,https://images.coinafrique.com/thumb_1131220_uploaded_image1_1572433036.53.png,Les Parcelles Assainies, Dakar
Chaussures,5000,https://images.coinafrique.com/thumb_1088264_uploaded_image1_1571609033.03.png,Les Parcelles Assainies, Dakar
Chaussures-,8000,https://images.coinafrique.com/thumb_1061846_uploaded_image1_1571051734.07.png,Ouakam, Dakar
Mocassins,5000,https://images.coinafrique.com/thumb_1056625_uploaded_image1_1570898469.33.png,Les Parcelles Assainies, Dakar
Chaussures,12500,https://images.coinafrique.com/thumb_1048681_uploaded_image1_1570725349.01.png,Rufisque, Sénégal
Mocassins,4000,https://images.coinafrique.com/thumb_1025460_uploaded_image1_1570221546.08.png,Mermoz-Sacré-Cœur, Dakar
Chaussurespour,3000,https://images.coinafrique.com/thumb_997837_uploaded_image1_1569622630.58.png,Keur Massar, Sénégal
Chaussurespour,4000,https://images.coinafrique.com/thumb_997786_uploaded_image1_1569621938.2.png,Keur Massar, Sénégal
,7000,https://images.coinafrique.com/thumb_991150_uploaded_image1_1569498881.69.png,Dakar, Sénégal
Chaussures,3000,https://images.coinafrique.com/thumb_989602_uploaded_image1_1569455878.5.png,M'bour, Sénégal
Chaussures,3000,https://images.coinafrique.com/thumb_989597_uploaded_image1_1569455797.26.png,M'bour, Sénégal
Chaussurespetite,3000,https://images.coinafrique.com/thumb_989571_uploaded_image1_1569455169.87.png,M'bour, Sénégal
Chaussurespetit,2500,https://images.coinafrique.com/thumb_989555_uploaded_image1_1569454732.88.png,M'bour, Sénégal
Chaussures,7000,https://images.coinafrique.com/thumb_971817_uploaded_image1_1569079950.62.png,Patte d'Oie, Dakar
Chaussures,7000,https://images.coinafrique.com/thumb_971814_uploaded_image1_1569079860.47.png,Les Parcelles Assainies, Dakar
Chaussuresde,20000,https://images.coinafrique.com/thumb_963710_uploaded_image1_1568898631.18.png,Grand Yoff, Dakar
Chaussures,10000,https://images.coinafrique.com/thumb_961311_uploaded_image1_1568849341.17.png,Dakar, Sénégal
Chaussuresetsacs-,15000,https://images.coinafrique.com/thumb_947507_uploaded_image1_1568567749.69.png,Saly, Sénégal
BasketsLacoste-,15000,https://images.coinafrique.com/thumb_919329_uploaded_image1_1567854794.2.png,Mermoz-Sacré-Cœur, Dakar
Chaussures,10000,https://images.coinafrique.com/thumb_919324_uploaded_image1_1567854655.1.png,Sénégal,
Chaussuresenfants,7000,https://images.coinafrique.com/thumb_905654_uploaded_image1_1567532748.81.png,Sénégal,
,12000,https://images.coinafrique.com/thumb_902727_uploaded_image1_1567471565.75.png,Dakar, Sénégal
Chaussures,12000,https://images.coinafrique.com/thumb_902724_uploaded_image1_1567471369.88.png,Dakar, Sénégal
Chaussures,10000,https://images.coinafrique.com/thumb_894314_uploaded_image1_1567188587.1.png,Sénégal,
Claquettes,8000,https://images.coinafrique.com/thumb_894267_uploaded_image1_1567187400.66.png,Sénégal,
Chaussures,15000,https://images.coinafrique.com/thumb_894226_uploaded_image1_1567186853.35.png,Sénégal,
Chaussures,8000,https://images.coinafrique.com/thumb_894185_uploaded_image1_1567186147.73.png,Sénégal,
Mocassins,6000,https://images.coinafrique.com/thumb_891362_uploaded_image1_1567122545.1.png,Les Parcelles Assainies, Dakar
Chaussurespour,13000,https://images.coinafrique.com/thumb_884530_uploaded_image1_1566983419.29.png,Sénégal,
Chaussures,7500,https://images.coinafrique.com/thumb_878809_uploaded_image1_1566841399.24.png,Cambérène, Dakar
Chaussures,7500,https://images.coinafrique.com/thumb_878800_uploaded_image1_1566841283.51.png,Sénégal,
Ensemble,15000,https://images.coinafrique.com/thumb_861833_uploaded_image1_1566391948.31.png,Cambérène, Dakar
Chaussures,6000,https://images.coinafrique.com/thumb_854221_uploaded_image1_1566227990.03.png,Les Parcelles Assainies, Dakar
Chaussures,8500,https://images.coinafrique.com/thumb_848875_uploaded_image1_1566050610.48.png,Cambérène, Dakar
Chaussures,8000,https://images.coinafrique.com/thumb_838285_uploaded_image1_1565733521.41.png,Les Parcelles Assainies, Dakar
Chaussures,8000,https://images.coinafrique.com/thumb_825843_uploaded_image1_1565308869.98.png,Les Parcelles Assainies, Dakar
Chaussures,8000,https://images.coinafrique.com/thumb_824543_uploaded_image1_1565279780.97.png,Les Parcelles Assainies, Dakar
Chaussures,4000,https://images.coinafrique.com/thumb_792468_uploaded_image1_1564410485.85.png,Sénégal,
