type_habit,prix,proprietaire,image_lien,quartier,region
Lacoste,8000,HERITAGE Business,https://images.coinafrique.com/thumb_4539306_uploaded_image1_1704968817.jpg,Colobane, Dakar
Vêtements,11000,HERITAGE Business,https://images.coinafrique.com/thumb_4526447_uploaded_image1_1704362537.jpg,Colobane, Dakar
Vêtements,5000,HERITAGE Business,https://images.coinafrique.com/thumb_4526458_uploaded_image1_1704362747.jpg,Colobane, Dakar
Vêtements,13000,HERITAGE Business,https://images.coinafrique.com/thumb_4526452_uploaded_image1_1704362643.jpg,Colobane, Dakar
Ensemblehomme,15000,HERITAGE Business,https://images.coinafrique.com/thumb_4540561_uploaded_image1_1705005679.jpg,Colobane, Dakar
Pantalonkaki,7000,HERITAGE Business,https://images.coinafrique.com/thumb_4529388_uploaded_image1_1704477780.jpg,Colobane, Dakar
Pantalonsjeans,8000,HERITAGE Business,https://images.coinafrique.com/thumb_4529385_uploaded_image1_1704477658.jpg,Colobane, Dakar
Pantalons,8000,HERITAGE Business,https://images.coinafrique.com/thumb_4529382_uploaded_image1_1704477576.jpg,Colobane, Dakar
Vêtements,15000,HERITAGE Business,https://images.coinafrique.com/thumb_4515979_uploaded_image1_1703684021.jpg,Colobane, Dakar
Vêtements,13000,HERITAGE Business,https://images.coinafrique.com/thumb_4515972_uploaded_image1_1703683776.jpg,Colobane, Dakar
Vêtements,13000,HERITAGE Business,https://images.coinafrique.com/thumb_4515966_uploaded_image1_1703683510.jpg,Colobane, Dakar
Pantalon,8000,HERITAGE Business,https://images.coinafrique.com/thumb_4515962_uploaded_image1_1703683402.jpg,Colobane, Dakar
Vêtements,7000,HERITAGE Business,https://images.coinafrique.com/thumb_4515952_uploaded_image1_1703683157.jpg,Colobane, Dakar
Polos,7000,HERITAGE Business,https://images.coinafrique.com/thumb_4515938_uploaded_image1_1703682767.jpg,Colobane, Dakar
Débardeur,10000,HERITAGE Business,https://images.coinafrique.com/thumb_4515926_uploaded_image1_1703682502.jpg,Colobane, Dakar
T-shirt,6000,HERITAGE Business,https://images.coinafrique.com/thumb_4515931_uploaded_image1_1703682617.jpg,Colobane, Dakar
Chemise,12000,HERITAGE Business,https://images.coinafrique.com/thumb_4515916_uploaded_image1_1703682098.jpg,Colobane, Dakar
Chemise,8000,HERITAGE Business,https://images.coinafrique.com/thumb_4515915_uploaded_image1_1703682015.jpg,Colobane, Dakar
Vêtements,20000,HERITAGE Business,https://images.coinafrique.com/thumb_4497999_uploaded_image1_1702475653.jpg,Colobane, Dakar
Vêtements,20000,HERITAGE Business,https://images.coinafrique.com/thumb_4498001_uploaded_image1_1702475767.jpg,Colobane, Dakar
Vêtements,10000,HERITAGE Business,https://images.coinafrique.com/thumb_4492066_uploaded_image1_1702111448.jpg,Colobane, Dakar
Ensemblehommeet,10000,HERITAGE Business,https://images.coinafrique.com/thumb_4492055_uploaded_image1_1702111061.jpg,Colobane, Dakar
Vêtements,13000,HERITAGE Business,https://images.coinafrique.com/thumb_4492061_uploaded_image1_1702111282.jpg,Colobane, Dakar
Vêtements,12000,HERITAGE Business,https://images.coinafrique.com/thumb_4492049_uploaded_image1_1702110814.jpg,Colobane, Dakar
Djellaba,13000,HERITAGE Business,https://images.coinafrique.com/thumb_4482929_uploaded_image1_1701605240.jpg,Colobane, Dakar
EnsembleTurquieen,20000,HERITAGE Business,https://images.coinafrique.com/thumb_4467264_uploaded_image1_1700604156.jpg,Colobane, Dakar
Vêtements,12000,HERITAGE Business,https://images.coinafrique.com/thumb_4465520_uploaded_image1_1700501264.jpg,Colobane, Dakar
Vêtements,12000,HERITAGE Business,https://images.coinafrique.com/thumb_4451818_uploaded_image1_1699611165.jpg,Colobane, Dakar
Vêtementshommeen,12000,HERITAGE Business,https://images.coinafrique.com/thumb_4449606_uploaded_image1_1699471712.jpg,Colobane, Dakar
Pullsen,8000,HERITAGE Business,https://images.coinafrique.com/thumb_4449612_uploaded_image1_1699472068.jpg,Colobane, Dakar
Pull,8000,HERITAGE Business,https://images.coinafrique.com/thumb_4449609_uploaded_image1_1699471947.jpg,Colobane, Dakar
Vêtements,20000,HERITAGE Business,https://images.coinafrique.com/thumb_4444954_uploaded_image1_1699207643.jpg,Colobane, Dakar
Vêtements,20000,HERITAGE Business,https://images.coinafrique.com/thumb_4444948_uploaded_image1_1699207495.jpg,Colobane, Dakar
Vêtements,20000,HERITAGE Business,https://images.coinafrique.com/thumb_4444953_uploaded_image1_1699207579.jpg,Colobane, Dakar
Vêtements,13000,HERITAGE Business,https://images.coinafrique.com/thumb_4444670_uploaded_image1_1699191701.jpg,Colobane, Dakar
Vêtements,13000,HERITAGE Business,https://images.coinafrique.com/thumb_4444669_uploaded_image1_1699191586.jpg,Colobane, Dakar
Vêtements,15000,HERITAGE Business,https://images.coinafrique.com/thumb_4444666_uploaded_image1_1699191497.jpg,Colobane, Dakar
Vêtements,15000,HERITAGE Business,https://images.coinafrique.com/thumb_4443939_uploaded_image1_1699125806.jpg,Colobane, Dakar
Pantalon,8000,HERITAGE Business,https://images.coinafrique.com/thumb_4443933_uploaded_image1_1699125409.jpg,Colobane, Dakar
Vêtements,13000,HERITAGE Business,https://images.coinafrique.com/thumb_4443876_uploaded_image1_1699123127.jpg,Colobane, Dakar
Vêtements,13000,HERITAGE Business,https://images.coinafrique.com/thumb_4443873_uploaded_image1_1699122914.jpg,Colobane, Dakar
Vêtements,8000,HERITAGE Business,https://images.coinafrique.com/thumb_4443869_uploaded_image1_1699122140.jpg,Colobane, Dakar
Vêtements,8000,HERITAGE Business,https://images.coinafrique.com/thumb_4443865_uploaded_image1_1699122042.jpg,Colobane, Dakar
Vêtements,8000,HERITAGE Business,https://images.coinafrique.com/thumb_4443860_uploaded_image1_1699121868.jpg,Colobane, Dakar
Ensemble,12000,HERITAGE Business,https://images.coinafrique.com/thumb_4442496_uploaded_image1_1699033345.jpg,Colobane, Dakar
Ensemble,12000,HERITAGE Business,https://images.coinafrique.com/thumb_4442505_uploaded_image1_1699033518.jpg,Colobane, Dakar
Pull,5000,HERITAGE Business,https://images.coinafrique.com/thumb_4438562_uploaded_image1_1698846775.jpg,Colobane, Dakar
Vêtements,12000,HERITAGE Business,https://images.coinafrique.com/thumb_4438548_uploaded_image1_1698846462.jpg,Colobane, Dakar
Ensemble,9000,HERITAGE Business,https://images.coinafrique.com/thumb_4434970_uploaded_image1_1698608870.jpg,Colobane, Dakar
Chemise,8000,HERITAGE Business,https://images.coinafrique.com/thumb_4434968_uploaded_image1_1698608779.jpg,Colobane, Dakar
Vêtements,12000,HERITAGE Business,https://images.coinafrique.com/thumb_4434798_uploaded_image1_1698599223.jpg,Colobane, Dakar
Pantalon,9000,HERITAGE Business,https://images.coinafrique.com/thumb_4434552_uploaded_image1_1698580348.jpg,Colobane, Dakar
Vêtements,20000,HERITAGE Business,https://images.coinafrique.com/thumb_4434550_uploaded_image1_1698580185.jpg,Colobane, Dakar
Vêtements,20000,HERITAGE Business,https://images.coinafrique.com/thumb_4434547_uploaded_image1_1698580031.jpg,Colobane, Dakar
Vêtements,20000,HERITAGE Business,https://images.coinafrique.com/thumb_4434542_uploaded_image1_1698579825.jpg,Colobane, Dakar
Vêtements,20000,HERITAGE Business,https://images.coinafrique.com/thumb_4434544_uploaded_image1_1698579918.jpg,Colobane, Dakar
Vêtements,15000,HERITAGE Business,https://images.coinafrique.com/thumb_4433215_uploaded_image1_1698434533.jpg,Colobane, Dakar
Vêtements,15000,HERITAGE Business,https://images.coinafrique.com/thumb_4433205_uploaded_image1_1698434093.jpg,Colobane, Dakar
Vêtements,12000,HERITAGE Business,https://images.coinafrique.com/thumb_4433207_uploaded_image1_1698434174.jpg,Colobane, Dakar
Vêtements,15000,HERITAGE Business,https://images.coinafrique.com/thumb_4433202_uploaded_image1_1698433926.jpg,Colobane, Dakar
Vêtements,15000,HERITAGE Business,https://images.coinafrique.com/thumb_4433204_uploaded_image1_1698434002.jpg,Colobane, Dakar
Vêtements,20000,HERITAGE Business,https://images.coinafrique.com/thumb_4431701_uploaded_image1_1698338905.jpg,Colobane, Dakar
Pantalon,7500,HERITAGE Business,https://images.coinafrique.com/thumb_4428250_uploaded_image1_1698148213.jpg,Colobane, Dakar
Vêtements,12000,HERITAGE Business,https://images.coinafrique.com/thumb_4428230_uploaded_image1_1698147718.jpg,Colobane, Dakar
Pantalon,7500,HERITAGE Business,https://images.coinafrique.com/thumb_4427572_uploaded_image1_1698099062.jpg,Colobane, Dakar
Ensemble,11000,HERITAGE Business,https://images.coinafrique.com/thumb_4427571_uploaded_image1_1698098981.jpg,Colobane, Dakar
Ensemble,12000,HERITAGE Business,https://images.coinafrique.com/thumb_4427569_uploaded_image1_1698098877.jpg,Colobane, Dakar
Ensemble,17000,HERITAGE Business,https://images.coinafrique.com/thumb_4423069_uploaded_image1_1697792133.jpg,Colobane, Dakar
Ensemble,13000,HERITAGE Business,https://images.coinafrique.com/thumb_4423067_uploaded_image1_1697791907.jpg,Colobane, Dakar
Chemise,8000,HERITAGE Business,https://images.coinafrique.com/thumb_4423000_uploaded_image1_1697788212.jpg,Colobane, Dakar
,7000,HERITAGE Business,https://images.coinafrique.com/thumb_4422994_uploaded_image1_1697787898.jpg,Colobane, Dakar
Vêtements,6000,HERITAGE Business,https://images.coinafrique.com/thumb_4421855_uploaded_image1_1697640543.jpg,Colobane, Dakar
Jean,8000,HERITAGE Business,https://images.coinafrique.com/thumb_4420828_uploaded_image1_1697575650.jpg,Colobane, Dakar
Ensemble,8000,HERITAGE Business,https://images.coinafrique.com/thumb_4420817_uploaded_image1_1697574912.jpg,Colobane, Dakar
Djellaba,13000,HERITAGE Business,https://images.coinafrique.com/thumb_4414047_uploaded_image1_1697118326.jpg,Colobane, Dakar
T-shirtsen,8000,HERITAGE Business,https://images.coinafrique.com/thumb_4373341_uploaded_image1_1694514312.jpg,Colobane, Dakar
Vêtements,20000,HERITAGE Business,https://images.coinafrique.com/thumb_4373302_uploaded_image1_1694513090.jpg,Colobane, Dakar
Chemise,7000,HERITAGE Business,https://images.coinafrique.com/thumb_4373211_uploaded_image1_1694509751.jpg,Colobane, Dakar
Ensemble,5000,HERITAGE Business,https://images.coinafrique.com/thumb_4373207_uploaded_image1_1694509593.jpg,Colobane, Dakar
Vêtements,7500,HERITAGE Business,https://images.coinafrique.com/thumb_4373203_uploaded_image1_1694509480.jpg,Colobane, Dakar
Emsemble,7000,HERITAGE Business,https://images.coinafrique.com/thumb_4370925_uploaded_image1_1694346747.jpg,Colobane, Dakar
Chemisesen,7000,HERITAGE Business,https://images.coinafrique.com/thumb_4370915_uploaded_image1_1694346319.jpg,Colobane, Dakar
T-shirtsen,8000,HERITAGE Business,https://images.coinafrique.com/thumb_4339209_uploaded_image1_1692284970.jpg,Colobane, Dakar
Vêtements,10000,HERITAGE Business,https://images.coinafrique.com/thumb_4339494_uploaded_image1_1692295478.jpg,Colobane, Dakar
Vêtements,7000,HERITAGE Business,https://images.coinafrique.com/thumb_4341159_uploaded_image1_1692381596.jpg,Colobane, Dakar
Vêtements,13000,HERITAGE Business,https://images.coinafrique.com/thumb_4314457_uploaded_image1_1690727684.jpg,Colobane, Dakar
Vêtements,6000,HERITAGE Business,https://images.coinafrique.com/thumb_4302214_uploaded_image1_1689872996.jpg,Colobane, Dakar
Vêtements,13000,HERITAGE Business,https://images.coinafrique.com/thumb_4302183_uploaded_image1_1689872061.jpg,Colobane, Dakar
Vêtements,13000,HERITAGE Business,https://images.coinafrique.com/thumb_4302179_uploaded_image1_1689871962.jpg,Colobane, Dakar
Vêtements,13000,HERITAGE Business,https://images.coinafrique.com/thumb_4302175_uploaded_image1_1689871844.jpg,Colobane, Dakar
Vêtements,20000,HERITAGE Business,https://images.coinafrique.com/thumb_4309195_uploaded_image1_1690374107.jpg,Colobane, Dakar
Vêtements,20000,HERITAGE Business,https://images.coinafrique.com/thumb_4309198_uploaded_image1_1690374227.jpg,Colobane, Dakar
Vêtements,20000,HERITAGE Business,https://images.coinafrique.com/thumb_4309206_uploaded_image1_1690374363.jpg,Colobane, Dakar
Tunique,35000,Sunugal Immo,https://images.coinafrique.com/thumb_4287544_uploaded_image1_1688915348.jpg,Mermoz-Sacré Coeur, Dakar
Toiledeprotectionpourla,3500,HERITAGE Business,https://images.coinafrique.com/thumb_4278941_uploaded_image1_1688392823.jpg,Colobane, Dakar
Tunique,35000,Sunugal Immo,https://images.coinafrique.com/thumb_4278238_uploaded_image1_1688343588.jpg,Sicap Liberté, Dakar
CoupleBazin,50000,HERITAGE Business,https://images.coinafrique.com/thumb_4271334_uploaded_image1_1687794740.jpg,Colobane, Dakar
Vêtements,6000,HERITAGE Business,https://images.coinafrique.com/thumb_4271290_uploaded_image1_1687793226.jpg,Colobane, Dakar
Jeans,10000,HERITAGE Business,https://images.coinafrique.com/thumb_4271277_uploaded_image1_1687792916.jpg,Colobane, Dakar
Vêtements,8000,HERITAGE Business,https://images.coinafrique.com/thumb_4271269_uploaded_image1_1687792689.jpg,Colobane, Dakar
T-shirts,6000,HERITAGE Business,https://images.coinafrique.com/thumb_4271273_uploaded_image1_1687792827.jpg,Colobane, Dakar
Vêtements,12000,HERITAGE Business,https://images.coinafrique.com/thumb_4271265_uploaded_image1_1687792559.jpg,Colobane, Dakar
PantalonJeans,8000,HERITAGE Business,https://images.coinafrique.com/thumb_4268359_uploaded_image1_1687543150.jpg,Colobane, Dakar
Vêtements,12000,HERITAGE Business,https://images.coinafrique.com/thumb_4268354_uploaded_image1_1687542829.jpg,Colobane, Dakar
Vêtements,12000,HERITAGE Business,https://images.coinafrique.com/thumb_4267945_uploaded_image1_1687524641.jpg,Colobane, Dakar
Vêtements,12000,HERITAGE Business,https://images.coinafrique.com/thumb_4267942_uploaded_image1_1687524540.jpg,Colobane, Dakar
Vêtements,12000,HERITAGE Business,https://images.coinafrique.com/thumb_4267914_uploaded_image1_1687523434.jpg,Colobane, Dakar
Vêtements,20000,HERITAGE Business,https://images.coinafrique.com/thumb_4267770_uploaded_image1_1687517247.jpg,Colobane, Dakar
Vêtements,20000,HERITAGE Business,https://images.coinafrique.com/thumb_4267758_uploaded_image1_1687516613.jpg,Colobane, Dakar
Vêtements,20000,HERITAGE Business,https://images.coinafrique.com/thumb_4267760_uploaded_image1_1687516670.jpg,Colobane, Dakar
Vêtements,20000,HERITAGE Business,https://images.coinafrique.com/thumb_4267763_uploaded_image1_1687516746.jpg,Colobane, Dakar
Vêtements,13000,HERITAGE Business,https://images.coinafrique.com/thumb_4266579_uploaded_image1_1687441765.jpg,Colobane, Dakar
Pantalon,7000,HERITAGE Business,https://images.coinafrique.com/thumb_4265953_uploaded_image1_1687419400.jpg,Colobane, Dakar
Vêtements,15000,HERITAGE Business,https://images.coinafrique.com/thumb_4265947_uploaded_image1_1687419078.jpg,Colobane, Dakar
Vêtements,20000,HERITAGE Business,https://images.coinafrique.com/thumb_4265950_uploaded_image1_1687419173.jpg,Colobane, Dakar
Vêtements,13000,HERITAGE Business,https://images.coinafrique.com/thumb_4265945_uploaded_image1_1687418938.jpg,Colobane, Dakar
Vêtements,15000,HERITAGE Business,https://images.coinafrique.com/thumb_4265946_uploaded_image1_1687419011.jpg,Colobane, Dakar
Vêtements,15000,HERITAGE Business,https://images.coinafrique.com/thumb_4265714_uploaded_image1_1687386727.jpg,Colobane, Dakar
Vêtements,10000,HERITAGE Business,https://images.coinafrique.com/thumb_4265250_uploaded_image1_1687365708.jpg,Colobane, Dakar
Vêtements,20000,HERITAGE Business,https://images.coinafrique.com/thumb_4264722_uploaded_image1_1687349209.jpg,Colobane, Dakar
Vêtement,20000,HERITAGE Business,https://images.coinafrique.com/thumb_4263440_uploaded_image1_1687269698.12.jpeg,Colobane, Dakar
Vêtements,20000,HERITAGE Business,https://images.coinafrique.com/thumb_4263413_uploaded_image1_1687268781.78.jpeg,Colobane, Dakar
Vêtements,20000,HERITAGE Business,https://images.coinafrique.com/thumb_4263405_uploaded_image1_1687268557.86.jpeg,Colobane, Dakar
Ensemble,20000,HERITAGE Business,https://images.coinafrique.com/thumb_4263395_uploaded_image1_1687268049.16.jpeg,Colobane, Dakar
Tenue,20000,HERITAGE Business,https://images.coinafrique.com/thumb_4263397_uploaded_image1_1687268138.03.jpeg,Colobane, Dakar
,13000,PRETTY STYLE,https://images.coinafrique.com/thumb_4224166_uploaded_image1_1684629530.jpg,Dakar, Sénégal
Sousvêtements3,6000,PRETTY STYLE,https://images.coinafrique.com/thumb_4224154_uploaded_image1_1684629005.jpg,Dakar, Sénégal
Vêtements,15000,HERITAGE Business,https://images.coinafrique.com/thumb_4168670_uploaded_image1_1680959219.jpg,Colobane, Dakar
Vêtements,10000,HERITAGE Business,https://images.coinafrique.com/thumb_4168666_uploaded_image1_1680959102.jpg,Colobane, Dakar
Vêtements,10000,HERITAGE Business,https://images.coinafrique.com/thumb_4168642_uploaded_image1_1680958471.jpg,Colobane, Dakar
Vêtements,10000,HERITAGE Business,https://images.coinafrique.com/thumb_4168638_uploaded_image1_1680958402.jpg,Colobane, Dakar
Vêtements,8000,HERITAGE Business,https://images.coinafrique.com/thumb_4167304_uploaded_image1_1680873424.jpg,Colobane, Dakar
Vêtements,20000,HERITAGE Business,https://images.coinafrique.com/thumb_4167293_uploaded_image1_1680873186.jpg,Colobane, Dakar
Vêtements,15000,HERITAGE Business,https://images.coinafrique.com/thumb_4167291_uploaded_image1_1680873108.jpg,Colobane, Dakar
Vêtements,15000,HERITAGE Business,https://images.coinafrique.com/thumb_4167300_uploaded_image1_1680873281.jpg,Colobane, Dakar
Vêtements,15000,HERITAGE Business,https://images.coinafrique.com/thumb_4167302_uploaded_image1_1680873358.jpg,Colobane, Dakar
Vêtements,14000,HERITAGE Business,https://images.coinafrique.com/thumb_4163986_uploaded_image1_1680696822.jpg,Colobane, Dakar
Vêtements,14000,HERITAGE Business,https://images.coinafrique.com/thumb_4163983_uploaded_image1_1680696731.jpg,Colobane, Dakar
Vêtements,12000,HERITAGE Business,https://images.coinafrique.com/thumb_4163966_uploaded_image1_1680696511.jpg,Colobane, Dakar
Vêtements,12000,HERITAGE Business,https://images.coinafrique.com/thumb_4163962_uploaded_image1_1680696447.jpg,Colobane, Dakar
Vêtements,14000,HERITAGE Business,https://images.coinafrique.com/thumb_4163979_uploaded_image1_1680696655.jpg,Colobane, Dakar
Ensemble,8000,HERITAGE Business,https://images.coinafrique.com/thumb_4157530_uploaded_image1_1680340287.jpg,Colobane, Dakar
Vêtements,13000,HERITAGE Business,https://images.coinafrique.com/thumb_4157517_uploaded_image1_1680339724.jpg,Colobane, Dakar
Vêtements,8000,HERITAGE Business,https://images.coinafrique.com/thumb_4157519_uploaded_image1_1680339886.jpg,Colobane, Dakar
Vêtements,13000,HERITAGE Business,https://images.coinafrique.com/thumb_4157518_uploaded_image1_1680339794.jpg,Colobane, Dakar
Vêtements,13000,HERITAGE Business,https://images.coinafrique.com/thumb_4157513_uploaded_image1_1680339651.jpg,Colobane, Dakar
Vêtements,12000,HERITAGE Business,https://images.coinafrique.com/thumb_4157431_uploaded_image1_1680336154.jpg,Colobane, Dakar
Vêtements,4000,HERITAGE Business,https://images.coinafrique.com/thumb_4157422_uploaded_image1_1680335831.jpg,Colobane, Dakar
Vêtements,4000,HERITAGE Business,https://images.coinafrique.com/thumb_4157415_uploaded_image1_1680335372.jpg,Colobane, Dakar
Vêtements,12000,HERITAGE Business,https://images.coinafrique.com/thumb_4157409_uploaded_image1_1680334965.jpg,Colobane, Dakar
Vêtements,12000,HERITAGE Business,https://images.coinafrique.com/thumb_4157408_uploaded_image1_1680334872.jpg,Colobane, Dakar
Vêtements,12000,HERITAGE Business,https://images.coinafrique.com/thumb_4157406_uploaded_image1_1680334731.jpg,Colobane, Dakar
Vêtement,5000,HERITAGE Business,https://images.coinafrique.com/thumb_4134634_uploaded_image1_1678832621.jpg,Colobane, Dakar
Vêtements,5000,HERITAGE Business,https://images.coinafrique.com/thumb_4134637_uploaded_image1_1678832722.jpg,Colobane, Dakar
Jalabavec,13000,HERITAGE Business,https://images.coinafrique.com/thumb_4126986_uploaded_image1_1678370344.jpg,Colobane, Dakar
Vêtements,15000,HERITAGE Business,https://images.coinafrique.com/thumb_4126930_uploaded_image1_1678367823.jpg,Colobane, Dakar
Vêtements,8000,HERITAGE Business,https://images.coinafrique.com/thumb_4126866_uploaded_image1_1678366017.jpg,Colobane, Dakar
Djellaba,7000,HERITAGE Business,https://images.coinafrique.com/thumb_4123956_uploaded_image1_1678198590.jpg,Colobane, Dakar
Vêtements,12000,HERITAGE Business,https://images.coinafrique.com/thumb_4122965_uploaded_image1_1678135326.jpg,Colobane, Dakar
Vêtement,15000,HERITAGE Business,https://images.coinafrique.com/thumb_4121220_uploaded_image1_1678037596.jpg,Colobane, Dakar
Vêtements,15000,HERITAGE Business,https://images.coinafrique.com/thumb_4120185_uploaded_image1_1677952529.jpg,Colobane, Dakar
Vêtement,13000,HERITAGE Business,https://images.coinafrique.com/thumb_4120189_uploaded_image1_1677952672.jpg,Colobane, Dakar
Vêtements,13000,HERITAGE Business,https://images.coinafrique.com/thumb_4119561_uploaded_image1_1677925320.jpg,Colobane, Dakar
Vêtements,13000,HERITAGE Business,https://images.coinafrique.com/thumb_4119564_uploaded_image1_1677925422.jpg,Colobane, Dakar
Vêtements,13000,HERITAGE Business,https://images.coinafrique.com/thumb_4119567_uploaded_image1_1677925529.jpg,Colobane, Dakar
Vêtements,15000,HERITAGE Business,https://images.coinafrique.com/thumb_4119120_uploaded_image1_1677880539.jpg,Colobane, Dakar
Vêtements,8000,HERITAGE Business,https://images.coinafrique.com/thumb_4119113_uploaded_image1_1677880230.jpg,Colobane, Dakar
Vêtement,7500,HERITAGE Business,https://images.coinafrique.com/thumb_4118644_uploaded_image1_1677859106.jpg,Colobane, Dakar
Djellaba+tapisdeprière+,20000,HERITAGE Business,https://images.coinafrique.com/thumb_4117963_uploaded_image1_1677837827.jpg,Colobane, Dakar
Vêtements,8000,HERITAGE Business,https://images.coinafrique.com/thumb_4117243_uploaded_image1_1677785159.jpg,Colobane, Dakar
Vêtement,12000,HERITAGE Business,https://images.coinafrique.com/thumb_4111963_uploaded_image1_1677530054.jpg,Colobane, Dakar
Vêtement,10000,HERITAGE Business,https://images.coinafrique.com/thumb_4109508_uploaded_image1_1677335943.jpg,Colobane, Dakar
Vêtement,12000,HERITAGE Business,https://images.coinafrique.com/thumb_4108566_uploaded_image1_1677261439.jpg,Colobane, Dakar
Vêtements,11000,HERITAGE Business,https://images.coinafrique.com/thumb_4104197_uploaded_image1_1676996819.jpg,Colobane, Dakar
Vêtement,14000,HERITAGE Business,https://images.coinafrique.com/thumb_4096409_uploaded_image1_1676488678.jpg,Colobane, Dakar
Vêtements,13000,HERITAGE Business,https://images.coinafrique.com/thumb_4090927_uploaded_image1_1676128539.jpg,Colobane, Dakar
Vêtements,14000,HERITAGE Business,https://images.coinafrique.com/thumb_4076539_uploaded_image1_1675351432.jpg,Colobane, Dakar
Vêtements,12000,HERITAGE Business,https://images.coinafrique.com/thumb_4075089_uploaded_image1_1675280685.jpg,Colobane, Dakar
Vêtements,5000,HERITAGE Business,https://images.coinafrique.com/thumb_4071146_uploaded_image1_1675098195.jpg,Colobane, Dakar
Vêtements,12000,HERITAGE Business,https://images.coinafrique.com/thumb_4070988_uploaded_image1_1675091887.jpg,Colobane, Dakar
Vêtements,13000,HERITAGE Business,https://images.coinafrique.com/thumb_4070048_uploaded_image1_1675019625.jpg,Colobane, Dakar
Vêtements,15000,HERITAGE Business,https://images.coinafrique.com/thumb_4066325_uploaded_image1_1674743821.jpg,Colobane, Dakar
Vêtements,25000,HERITAGE Business,https://images.coinafrique.com/thumb_4066317_uploaded_image1_1674743529.jpg,Colobane, Dakar
Vêtements,4000,HERITAGE Business,https://images.coinafrique.com/thumb_4065241_uploaded_image1_1674669792.jpg,Colobane, Dakar
Vêtements,8000,HERITAGE Business,https://images.coinafrique.com/thumb_4065237_uploaded_image1_1674669609.jpg,Colobane, Dakar
Vêtements,10000,HERITAGE Business,https://images.coinafrique.com/thumb_4064899_uploaded_image1_1674655061.jpg,Colobane, Dakar
Vêtements,15000,HERITAGE Business,https://images.coinafrique.com/thumb_4063911_uploaded_image1_1674594150.jpg,Colobane, Dakar
Vêtements,10000,HERITAGE Business,https://images.coinafrique.com/thumb_4063906_uploaded_image1_1674593955.jpg,Colobane, Dakar
Vêtements,10000,HERITAGE Business,https://images.coinafrique.com/thumb_4063905_uploaded_image1_1674593835.jpg,Colobane, Dakar
Vêtements,10000,HERITAGE Business,https://images.coinafrique.com/thumb_4063902_uploaded_image1_1674593718.jpg,Colobane, Dakar
Ensemble,5000,HERITAGE Business,https://images.coinafrique.com/thumb_4062492_uploaded_image1_1674513158.jpg,Colobane, Dakar
Vêtements,10000,HERITAGE Business,https://images.coinafrique.com/thumb_4062488_uploaded_image1_1674512987.jpg,Colobane, Dakar
Pullsencoton+,7000,HERITAGE Business,https://images.coinafrique.com/thumb_4037820_uploaded_image1_1673022980.jpg,Colobane, Dakar
Vêtements,12000,HERITAGE Business,https://images.coinafrique.com/thumb_4036645_uploaded_image1_1672955733.jpg,Colobane, Dakar
Vêtements,13000,HERITAGE Business,https://images.coinafrique.com/thumb_4034887_uploaded_image1_1672873031.jpg,Colobane, Dakar
Vêtement,13000,HERITAGE Business,https://images.coinafrique.com/thumb_4032775_uploaded_image1_1672773598.jpg,Colobane, Dakar
Vêtements,12000,HERITAGE Business,https://images.coinafrique.com/thumb_4030485_uploaded_image1_1672660015.jpg,Colobane, Dakar
Vêtements,9000,HERITAGE Business,https://images.coinafrique.com/thumb_4030487_uploaded_image1_1672660108.jpg,Colobane, Dakar
Vêtements,14000,HERITAGE Business,https://images.coinafrique.com/thumb_4028665_uploaded_image1_1672441097.jpg,Colobane, Dakar
Vêtements,18000,HERITAGE Business,https://images.coinafrique.com/thumb_4028659_uploaded_image1_1672440812.jpg,Colobane, Dakar
Vêtements,12000,HERITAGE Business,https://images.coinafrique.com/thumb_4028660_uploaded_image1_1672440883.jpg,Colobane, Dakar
Vêtements,12000,HERITAGE Business,https://images.coinafrique.com/thumb_4026711_uploaded_image1_1672302961.jpg,Colobane, Dakar
Vêtements,13000,HERITAGE Business,https://images.coinafrique.com/thumb_4026713_uploaded_image1_1672303028.jpg,Colobane, Dakar
Vêtements,15000,HERITAGE Business,https://images.coinafrique.com/thumb_4025684_uploaded_image1_1672227204.jpg,Colobane, Dakar
Vêtements,17000,HERITAGE Business,https://images.coinafrique.com/thumb_4025674_uploaded_image1_1672227083.jpg,Colobane, Dakar
Vêtements,10000,HERITAGE Business,https://images.coinafrique.com/thumb_4025089_uploaded_image1_1672172881.jpg,Colobane, Dakar
Vêtements,6000,HERITAGE Business,https://images.coinafrique.com/thumb_4025084_uploaded_image1_1672172655.jpg,Colobane, Dakar
Ensemblecaleçons,3000,HERITAGE Business,https://images.coinafrique.com/thumb_4023044_uploaded_image1_1672041104.jpg,Colobane, Dakar
Vêtements,20000,HERITAGE Business,https://images.coinafrique.com/thumb_4023029_uploaded_image1_1672038253.jpg,Colobane, Dakar
Vêtements,40000,HERITAGE Business,https://images.coinafrique.com/thumb_4021995_uploaded_image1_1671904999.jpg,Colobane, Dakar
Vêtements,20000,HERITAGE Business,https://images.coinafrique.com/thumb_4021294_uploaded_image1_1671834966.jpg,Colobane, Dakar
Vêtements,22000,HERITAGE Business,https://images.coinafrique.com/thumb_4020863_uploaded_image1_1671808514.jpg,Colobane, Dakar
Vêtements,12000,HERITAGE Business,https://images.coinafrique.com/thumb_4020421_uploaded_image1_1671783878.jpg,Colobane, Dakar
Vêtements,12000,HERITAGE Business,https://images.coinafrique.com/thumb_4020407_uploaded_image1_1671783417.jpg,Colobane, Dakar
Vêtements,14000,HERITAGE Business,https://images.coinafrique.com/thumb_4020398_uploaded_image1_1671783111.jpg,Colobane, Dakar
Vêtements,13000,HERITAGE Business,https://images.coinafrique.com/thumb_4020404_uploaded_image1_1671783323.jpg,Colobane, Dakar
Vêtements,8000,HERITAGE Business,https://images.coinafrique.com/thumb_4020058_uploaded_image1_1671748872.jpg,Colobane, Dakar
Vêtements,8000,HERITAGE Business,https://images.coinafrique.com/thumb_4017854_uploaded_image1_1671613712.jpg,Colobane, Dakar
Vêtements,14000,HERITAGE Business,https://images.coinafrique.com/thumb_4017827_uploaded_image1_1671612325.jpg,Colobane, Dakar
Vêtements,11000,HERITAGE Business,https://images.coinafrique.com/thumb_4007931_uploaded_image1_1671007940.jpg,Colobane, Dakar
Vêtements,20000,HERITAGE Business,https://images.coinafrique.com/thumb_4004991_uploaded_image1_1670840431.jpg,Colobane, Dakar
Blousonen,15000,HERITAGE Business,https://images.coinafrique.com/thumb_4002253_uploaded_image1_1670620115.jpg,Colobane, Dakar
Boubouhommeen,10000,HERITAGE Business,https://images.coinafrique.com/thumb_3964575_uploaded_image1_1668434119.jpg,Colobane, Dakar
Djellaba,15000,HERITAGE Business,https://images.coinafrique.com/thumb_3961956_uploaded_image1_1668248438.jpg,Colobane, Dakar
Djellaba,15000,HERITAGE Business,https://images.coinafrique.com/thumb_3955687_uploaded_image1_1667898785.jpg,Colobane, Dakar
Boubou,12000,HERITAGE Business,https://images.coinafrique.com/thumb_3897438_uploaded_image1_1664401043.jpg,Colobane, Dakar
Boumbou,15000,HERITAGE Business,https://images.coinafrique.com/thumb_3895928_uploaded_image1_1664316181.jpg,Colobane, Dakar
Boumbou,15000,HERITAGE Business,https://images.coinafrique.com/thumb_3895921_uploaded_image1_1664315893.jpg,Colobane, Dakar
Boumbou,15000,HERITAGE Business,https://images.coinafrique.com/thumb_3895925_uploaded_image1_1664316074.jpg,Colobane, Dakar
Boubou,10000,HERITAGE Business,https://images.coinafrique.com/thumb_3890570_uploaded_image1_1663962096.jpg,Colobane, Dakar
